{"cameraMode":{"drawMode":0,"name":"Shaded","section":"Shading Mode"},"sceneLighting":true,"audioPlay":false,"sceneViewState":{"showFog":true,"showMaterialUpdate":true,"showSkybox":true,"showFlares":true,"showImageEffects":true,"showParticleSystems":true},"in2DMode":false,"pivot":{"x":-1.506481647491455,"y":22.103845596313478,"z":-11.656420707702637},"rotation":{"x":0.6510109305381775,"y":-0.000020965426301700063,"z":-0.000022017959054210223,"w":0.7590948343276978},"size":8.958025932312012,"orthographic":false}