{"cameraMode":{"drawMode":0,"name":"Shaded","section":"Shading Mode"},"sceneLighting":true,"audioPlay":false,"sceneViewState":{"showFog":true,"showMaterialUpdate":true,"showSkybox":false,"showFlares":true,"showImageEffects":true,"showParticleSystems":true},"in2DMode":false,"pivot":{"x":-3.8132200241088869,"y":-12.549273490905762,"z":3.3436837196350099},"rotation":{"x":0.3559468686580658,"y":0.4392617642879486,"z":-0.19498693943023683,"w":0.8014960885047913},"size":17.98478889465332,"orthographic":false}