{"cameraMode":{"drawMode":0,"name":"Shaded","section":"Shading Mode"},"sceneLighting":true,"audioPlay":false,"sceneViewState":{"showFog":true,"showMaterialUpdate":true,"showSkybox":true,"showFlares":true,"showImageEffects":true,"showParticleSystems":true},"in2DMode":false,"pivot":{"x":4.077823162078857,"y":8.471623420715332,"z":-11.94115161895752},"rotation":{"x":0.26274532079696658,"y":0.15406352281570435,"z":-0.04248782619833946,"w":0.9515659809112549},"size":2.0355052947998049,"orthographic":false}