{"cameraMode":{"drawMode":0,"name":"Shaded","section":"Shading Mode"},"sceneLighting":true,"audioPlay":false,"sceneViewState":{"showFog":true,"showMaterialUpdate":true,"showSkybox":true,"showFlares":true,"showImageEffects":true,"showParticleSystems":true},"in2DMode":false,"pivot":{"x":346.9779052734375,"y":8.034345626831055,"z":-28.461498260498048},"rotation":{"x":0.15386927127838136,"y":0.17246782779693604,"z":-0.02722487971186638,"w":0.9725684523582459},"size":11.665680885314942,"orthographic":false}