{"cameraMode":{"drawMode":0,"name":"Shaded","section":"Shading Mode"},"sceneLighting":true,"audioPlay":false,"sceneViewState":{"showFog":true,"showMaterialUpdate":true,"showSkybox":true,"showFlares":true,"showImageEffects":true,"showParticleSystems":true},"in2DMode":false,"pivot":{"x":0.3080788850784302,"y":-35.536598205566409,"z":21.577722549438478},"rotation":{"x":-0.44789910316467287,"y":-0.0008380580111406744,"z":0.0003499940794426948,"w":-0.8941175937652588},"size":33.25258255004883,"orthographic":false}