{"cameraMode":{"drawMode":0,"name":"Shaded","section":"Shading Mode"},"sceneLighting":true,"audioPlay":false,"sceneViewState":{"showFog":true,"showMaterialUpdate":true,"showSkybox":true,"showFlares":true,"showImageEffects":true,"showParticleSystems":true},"in2DMode":false,"pivot":{"x":2.5147061347961427,"y":22.493694305419923,"z":-23.346607208251954},"rotation":{"x":0.42423489689826968,"y":-0.1812942922115326,"z":0.08708250522613526,"w":0.8829556703567505},"size":7.068280220031738,"orthographic":false}