{"cameraMode":{"drawMode":0,"name":"Shaded","section":"Shading Mode"},"sceneLighting":true,"audioPlay":false,"sceneViewState":{"showFog":true,"showMaterialUpdate":true,"showSkybox":true,"showFlares":true,"showImageEffects":true,"showParticleSystems":true},"in2DMode":false,"pivot":{"x":2.02055025100708,"y":-36.27001953125,"z":20.593326568603517},"rotation":{"x":-0.44789910316467287,"y":-0.0008380580111406744,"z":0.0003499940794426948,"w":-0.8941175937652588},"size":58.930091857910159,"orthographic":false}